{"chunk_definitions":[{"row":70,"row_count":1,"visible":true,"expansion_state":0,"options":{"engine":"r","label":"unnamed-chunk-11"},"document_id":"D25E9A79","chunk_id":"ceyqpz6l90kr5","chunk_label":"unnamed-chunk-1"},{"row":79,"row_count":1,"visible":true,"expansion_state":0,"options":{"engine":"r","label":"unnamed-chunk-12"},"document_id":"D25E9A79","chunk_id":"cfnml64uqcjly","chunk_label":"unnamed-chunk-2"},{"row":89,"row_count":1,"visible":true,"expansion_state":0,"options":{"engine":"r","label":"unnamed-chunk-13"},"document_id":"D25E9A79","chunk_id":"c2cxml3vxv2jl","chunk_label":"unnamed-chunk-3"},{"row":104,"row_count":1,"visible":true,"expansion_state":0,"options":{"engine":"r","label":"unnamed-chunk-14"},"document_id":"D25E9A79","chunk_id":"cmzbkjco3m71e","chunk_label":"unnamed-chunk-4"},{"row":114,"row_count":1,"visible":true,"expansion_state":0,"options":{"engine":"r","label":"unnamed-chunk-15"},"document_id":"D25E9A79","chunk_id":"cn8cc4ubybykm","chunk_label":"unnamed-chunk-5"},{"row":124,"row_count":1,"visible":true,"expansion_state":0,"options":{"engine":"r","label":"unnamed-chunk-16"},"document_id":"D25E9A79","chunk_id":"c8mpwernvs3h6","chunk_label":"unnamed-chunk-6"},{"row":137,"row_count":1,"visible":true,"expansion_state":0,"options":{"engine":"r","label":"unnamed-chunk-17"},"document_id":"D25E9A79","chunk_id":"cjx8ujdjjlmnd","chunk_label":"unnamed-chunk-7"},{"row":153,"row_count":1,"visible":true,"expansion_state":0,"options":{"engine":"r","label":"unnamed-chunk-18"},"document_id":"D25E9A79","chunk_id":"cikffu34wibkf","chunk_label":"unnamed-chunk-8"},{"row":159,"row_count":1,"visible":true,"expansion_state":0,"options":{"engine":"r","label":"unnamed-chunk-19"},"document_id":"D25E9A79","chunk_id":"cjwm1h3azmh44","chunk_label":"unnamed-chunk-9"},{"row":175,"row_count":1,"visible":true,"expansion_state":0,"options":{"engine":"r","label":"unnamed-chunk-20"},"document_id":"D25E9A79","chunk_id":"cd4q9towmoetu","chunk_label":"unnamed-chunk-10"},{"row":181,"row_count":1,"visible":true,"expansion_state":0,"options":{"engine":"r","label":"unnamed-chunk-21"},"document_id":"D25E9A79","chunk_id":"cfnfcv551znlv","chunk_label":"unnamed-chunk-11"},{"row":207,"row_count":1,"visible":true,"expansion_state":0,"options":{"engine":"r","label":"unnamed-chunk-22"},"document_id":"D25E9A79","chunk_id":"cap20mznjya0k","chunk_label":"unnamed-chunk-12"},{"row":216,"row_count":1,"visible":true,"expansion_state":0,"options":{"engine":"r","label":"unnamed-chunk-23"},"document_id":"D25E9A79","chunk_id":"cu5pe56u13fi2","chunk_label":"unnamed-chunk-13"},{"row":226,"row_count":1,"visible":true,"expansion_state":0,"options":{"engine":"r","label":"unnamed-chunk-24"},"document_id":"D25E9A79","chunk_id":"ctcgeaukek6xs","chunk_label":"unnamed-chunk-14"},{"row":238,"row_count":1,"visible":true,"expansion_state":0,"options":{"engine":"r","label":"unnamed-chunk-25"},"document_id":"D25E9A79","chunk_id":"c2rlb66z44vu1","chunk_label":"unnamed-chunk-15"},{"row":244,"row_count":1,"visible":true,"expansion_state":0,"options":{"engine":"r","label":"unnamed-chunk-26"},"document_id":"D25E9A79","chunk_id":"cl3ypyfqv4llq","chunk_label":"unnamed-chunk-16"},{"row":277,"row_count":1,"visible":true,"expansion_state":0,"options":{"engine":"r","label":"unnamed-chunk-27"},"document_id":"D25E9A79","chunk_id":"ck0db00bsa5cz","chunk_label":"unnamed-chunk-18"},{"row":381,"row_count":1,"visible":true,"expansion_state":0,"options":{"engine":"r","label":"unnamed-chunk-28"},"document_id":"D25E9A79","chunk_id":"cf1pzh4nxthjp","chunk_label":"unnamed-chunk-20"},{"row":417,"row_count":1,"visible":true,"expansion_state":0,"options":{"engine":"r","label":"unnamed-chunk-29"},"document_id":"D25E9A79","chunk_id":"c06sh6f9ym1al","chunk_label":"unnamed-chunk-21"},{"row":423,"row_count":1,"visible":true,"expansion_state":0,"options":{"engine":"r","label":"unnamed-chunk-30"},"document_id":"D25E9A79","chunk_id":"c8o0ufthhjbse","chunk_label":"unnamed-chunk-22"},{"row":434,"row_count":1,"visible":true,"expansion_state":0,"options":{"engine":"r","label":"unnamed-chunk-31"},"document_id":"D25E9A79","chunk_id":"cn84kpveh2nih","chunk_label":"unnamed-chunk-23"},{"row":462,"row_count":1,"visible":true,"expansion_state":0,"options":{"engine":"r","label":"unnamed-chunk-32"},"document_id":"D25E9A79","chunk_id":"cf907opyty7l8","chunk_label":"unnamed-chunk-25"},{"row":476,"row_count":1,"visible":true,"expansion_state":0,"options":{"engine":"r","label":"unnamed-chunk-33"},"document_id":"D25E9A79","chunk_id":"cflzqro5pj42h","chunk_label":"unnamed-chunk-26"},{"row":489,"row_count":1,"visible":true,"expansion_state":0,"options":{"engine":"r","label":"unnamed-chunk-34"},"document_id":"D25E9A79","chunk_id":"csz8mlls1v59a","chunk_label":"unnamed-chunk-27"},{"row":497,"row_count":1,"visible":true,"expansion_state":0,"options":{"engine":"r","label":"unnamed-chunk-35"},"document_id":"D25E9A79","chunk_id":"cv5zmir3swcuj","chunk_label":"unnamed-chunk-28"},{"row":511,"row_count":1,"visible":true,"expansion_state":0,"options":{"engine":"r","label":"unnamed-chunk-36"},"document_id":"D25E9A79","chunk_id":"c6odxz6883vvf","chunk_label":"unnamed-chunk-29"},{"row":523,"row_count":1,"visible":true,"expansion_state":0,"options":{"engine":"r","label":"unnamed-chunk-37"},"document_id":"D25E9A79","chunk_id":"cp2kyrp2yomh6","chunk_label":"unnamed-chunk-30"},{"row":545,"row_count":1,"visible":true,"expansion_state":0,"options":{"engine":"r","label":"unnamed-chunk-38"},"document_id":"D25E9A79","chunk_id":"cqw5ctd5bsnz6","chunk_label":"unnamed-chunk-31"},{"row":569,"row_count":1,"visible":true,"expansion_state":0,"options":{"engine":"r","label":"unnamed-chunk-39"},"document_id":"D25E9A79","chunk_id":"cpzsy35bwa15v","chunk_label":"unnamed-chunk-32"},{"row":575,"row_count":1,"visible":true,"expansion_state":0,"options":{"engine":"r","label":"unnamed-chunk-40"},"document_id":"D25E9A79","chunk_id":"cmzt9mx6bgx6r","chunk_label":"unnamed-chunk-33"},{"row":585,"row_count":1,"visible":true,"expansion_state":0,"options":{"engine":"r","label":"unnamed-chunk-41"},"document_id":"D25E9A79","chunk_id":"cf1jx1ms56nc1","chunk_label":"unnamed-chunk-34"},{"row":591,"row_count":1,"visible":true,"expansion_state":0,"options":{"engine":"r","label":"unnamed-chunk-42"},"document_id":"D25E9A79","chunk_id":"ckm4npxti7rop","chunk_label":"unnamed-chunk-35"},{"row":620,"row_count":1,"visible":true,"expansion_state":0,"options":{"engine":"r","label":"unnamed-chunk-43"},"document_id":"D25E9A79","chunk_id":"cyq6xooh55lgf","chunk_label":"unnamed-chunk-36"},{"row":637,"row_count":1,"visible":true,"expansion_state":0,"options":{"engine":"r","label":"unnamed-chunk-44"},"document_id":"D25E9A79","chunk_id":"cfgtydbnubxou","chunk_label":"unnamed-chunk-37"},{"row":648,"row_count":1,"visible":true,"expansion_state":0,"options":{"engine":"r","label":"unnamed-chunk-45"},"document_id":"D25E9A79","chunk_id":"c1t02ohnqeyvj","chunk_label":"unnamed-chunk-38"},{"row":675,"row_count":1,"visible":true,"expansion_state":0,"options":{"engine":"r","label":"unnamed-chunk-46"},"document_id":"D25E9A79","chunk_id":"c9o4dzmjv876s","chunk_label":"unnamed-chunk-39"},{"row":689,"row_count":1,"visible":true,"expansion_state":0,"options":{"engine":"r","label":"unnamed-chunk-47"},"document_id":"D25E9A79","chunk_id":"cav6xo04u2gjr","chunk_label":"unnamed-chunk-40"},{"row":709,"row_count":1,"visible":true,"expansion_state":0,"options":{"engine":"r","label":"unnamed-chunk-48"},"document_id":"D25E9A79","chunk_id":"cclruyrplgod8","chunk_label":"unnamed-chunk-41"},{"row":719,"row_count":1,"visible":true,"expansion_state":0,"options":{"engine":"r","label":"unnamed-chunk-49"},"document_id":"D25E9A79","chunk_id":"c7lpzviptys6n","chunk_label":"unnamed-chunk-42"},{"row":727,"row_count":1,"visible":true,"expansion_state":0,"options":{"engine":"r","label":"unnamed-chunk-50"},"document_id":"D25E9A79","chunk_id":"cdj4yctz8t0fy","chunk_label":"unnamed-chunk-43"},{"row":741,"row_count":1,"visible":true,"expansion_state":0,"options":{"engine":"r","label":"unnamed-chunk-51"},"document_id":"D25E9A79","chunk_id":"cdhve98qmnwtt","chunk_label":"unnamed-chunk-44"},{"row":754,"row_count":1,"visible":true,"expansion_state":0,"options":{"engine":"r","label":"unnamed-chunk-52"},"document_id":"D25E9A79","chunk_id":"c8t020zrw87j3","chunk_label":"unnamed-chunk-45"},{"row":776,"row_count":1,"visible":true,"expansion_state":0,"options":{"engine":"r","label":"unnamed-chunk-53"},"document_id":"D25E9A79","chunk_id":"cwxfrx563kssu","chunk_label":"unnamed-chunk-46"},{"row":785,"row_count":1,"visible":true,"expansion_state":0,"options":{"engine":"r","label":"unnamed-chunk-54"},"document_id":"D25E9A79","chunk_id":"c91jwqlrudc8z","chunk_label":"unnamed-chunk-47"},{"row":802,"row_count":1,"visible":true,"expansion_state":0,"options":{"engine":"r","label":"unnamed-chunk-55"},"document_id":"D25E9A79","chunk_id":"cgv8vvp6f11xo","chunk_label":"unnamed-chunk-48"},{"row":808,"row_count":1,"visible":true,"expansion_state":0,"options":{"engine":"r","label":"unnamed-chunk-56"},"document_id":"D25E9A79","chunk_id":"cye5md5a9lrxf","chunk_label":"unnamed-chunk-49"},{"row":818,"row_count":1,"visible":true,"expansion_state":0,"options":{"engine":"r","label":"unnamed-chunk-57"},"document_id":"D25E9A79","chunk_id":"cr5hpgowx2euw","chunk_label":"unnamed-chunk-50"},{"row":827,"row_count":1,"visible":true,"expansion_state":0,"options":{"engine":"r","label":"unnamed-chunk-58"},"document_id":"D25E9A79","chunk_id":"ccb5mmg6to6cq","chunk_label":"unnamed-chunk-51"},{"row":861,"row_count":1,"visible":true,"expansion_state":0,"options":{"engine":"r","label":"unnamed-chunk-59"},"document_id":"D25E9A79","chunk_id":"crweap3bqziy2","chunk_label":"unnamed-chunk-52"},{"row":871,"row_count":1,"visible":true,"expansion_state":0,"options":{"engine":"r","label":"unnamed-chunk-60"},"document_id":"D25E9A79","chunk_id":"cm9263b2uvc49","chunk_label":"unnamed-chunk-53"},{"row":887,"row_count":1,"visible":true,"expansion_state":0,"options":{"engine":"r","label":"unnamed-chunk-61"},"document_id":"D25E9A79","chunk_id":"cu9emigav5z5s","chunk_label":"unnamed-chunk-54"},{"row":893,"row_count":1,"visible":true,"expansion_state":0,"options":{"engine":"r","label":"unnamed-chunk-62"},"document_id":"D25E9A79","chunk_id":"c8h2uoqjvhshb","chunk_label":"unnamed-chunk-55"},{"row":906,"row_count":1,"visible":true,"expansion_state":0,"options":{"engine":"r","label":"unnamed-chunk-63"},"document_id":"D25E9A79","chunk_id":"cc4xnxs7xu5fw","chunk_label":"unnamed-chunk-56"},{"row":920,"row_count":1,"visible":true,"expansion_state":0,"options":{"engine":"r","label":"unnamed-chunk-64"},"document_id":"D25E9A79","chunk_id":"c06ezqohfte1o","chunk_label":"unnamed-chunk-57"},{"row":928,"row_count":1,"visible":true,"expansion_state":0,"options":{"engine":"r","label":"unnamed-chunk-65"},"document_id":"D25E9A79","chunk_id":"c40rpruz2jz7n","chunk_label":"unnamed-chunk-58"},{"row":950,"row_count":1,"visible":true,"expansion_state":0,"options":{"engine":"r","label":"unnamed-chunk-66"},"document_id":"D25E9A79","chunk_id":"c7apo6vb9kot7","chunk_label":"unnamed-chunk-59"},{"row":960,"row_count":1,"visible":true,"expansion_state":0,"options":{"engine":"r","label":"unnamed-chunk-67"},"document_id":"D25E9A79","chunk_id":"cixd2w7v13b6a","chunk_label":"unnamed-chunk-60"},{"row":969,"row_count":1,"visible":true,"expansion_state":0,"options":{"engine":"r","label":"unnamed-chunk-68"},"document_id":"D25E9A79","chunk_id":"cn3r95zjigpkv","chunk_label":"unnamed-chunk-61"},{"row":986,"row_count":1,"visible":true,"expansion_state":0,"options":{"engine":"r","label":"unnamed-chunk-79"},"document_id":"D25E9A79","chunk_id":"com2f33m1n5nv","chunk_label":"unnamed-chunk-62"},{"row":1015,"row_count":1,"visible":true,"expansion_state":0,"options":{"engine":"r","label":"unnamed-chunk-70"},"document_id":"D25E9A79","chunk_id":"cdghy3n2ci7aq","chunk_label":"unnamed-chunk-63"},{"row":1024,"row_count":1,"visible":true,"expansion_state":0,"options":{"engine":"r","label":"unnamed-chunk-71"},"document_id":"D25E9A79","chunk_id":"ceh2nm0w9xvdt","chunk_label":"unnamed-chunk-64"},{"row":1032,"row_count":1,"visible":true,"expansion_state":0,"options":{"engine":"r","label":"unnamed-chunk-72"},"document_id":"D25E9A79","chunk_id":"c6ydj0clu2dwv","chunk_label":"unnamed-chunk-65"},{"row":1051,"row_count":1,"visible":true,"expansion_state":0,"options":{"engine":"r","label":"unnamed-chunk-73"},"document_id":"D25E9A79","chunk_id":"c5icnikpyjz60","chunk_label":"unnamed-chunk-66"},{"row":1066,"row_count":1,"visible":true,"expansion_state":0,"options":{"engine":"r","label":"unnamed-chunk-74"},"document_id":"D25E9A79","chunk_id":"cithmczctmyp9","chunk_label":"unnamed-chunk-67"}],"doc_write_time":1658093832}