"0",""
"0","human_lifespan <- 122.5"
"0","dog_lifespan <- 24"
"0","lion_lifespan <- 27"
"0","mouse_lifespan <- 4"
"0","fly_lifespan <- 0.3"
"0","boar_lifespan <- 27"
"0","greenland_shark_lifespan <- 392"
"0","galapagos_tortoise_lifespan <- 177"
"0",""
"0","animal_lifespans <- c(greenland_shark_lifespan, dog_lifespan, "
"0","  galapagos_tortoise_lifespan,"
"0","  mouse_lifespan, fly_lifespan,"
"0","  lion_lifespan, boar_lifespan, "
"0","  alligator_lifespan, human_lifespan)"
"0",""
"0","animals <- c(""greenland_shark"", ""dog"", "
"0","  ""galapagos_tortoise"", ""mouse"", "
"0","  ""fly"", ""lion"", ""boar"","
"0","  ""alligator"", ""human"")"
"0",""
