{"chunk_definitions":[{"row":53,"row_count":1,"visible":true,"expansion_state":0,"options":{"engine":"r","label":"unnamed-chunk-1"},"document_id":"775D2CEE","chunk_id":"ce1273qtefemm","chunk_label":"unnamed-chunk-1"},{"row":61,"row_count":1,"visible":true,"expansion_state":0,"options":{"engine":"r","label":"unnamed-chunk-2"},"document_id":"775D2CEE","chunk_id":"c93z68a0r1tpw","chunk_label":"unnamed-chunk-2"},{"row":75,"row_count":1,"visible":true,"expansion_state":0,"options":{"engine":"r","label":"unnamed-chunk-3"},"document_id":"478D75EE","chunk_id":"cio2s03lwyze9","chunk_label":"unnamed-chunk-3"},{"row":158,"row_count":1,"visible":true,"expansion_state":0,"options":{"engine":"r","label":"unnamed-chunk-4"},"document_id":"775D2CEE","chunk_id":"c35i5f2x9vgr7","chunk_label":"unnamed-chunk-4"},{"row":547,"row_count":1,"visible":true,"expansion_state":0,"options":{"engine":"r","label":"unnamed-chunk-31"},"document_id":"775D2CEE","chunk_id":"cyv6r1hz6890w","chunk_label":"unnamed-chunk-31"},{"row":168,"row_count":1,"visible":true,"expansion_state":0,"options":{"engine":"r","label":"unnamed-chunk-5"},"document_id":"775D2CEE","chunk_id":"cgwxw0zs22pyu","chunk_label":"unnamed-chunk-5"},{"row":215,"row_count":1,"visible":true,"expansion_state":0,"options":{"engine":"r","label":"unnamed-chunk-7"},"document_id":"775D2CEE","chunk_id":"c9gtmvoeuj584","chunk_label":"unnamed-chunk-7"},{"row":207,"row_count":1,"visible":true,"expansion_state":0,"options":{"engine":"r","label":"unnamed-chunk-6"},"document_id":"775D2CEE","chunk_id":"c5igprxuz15me","chunk_label":"unnamed-chunk-6"},{"row":221,"row_count":1,"visible":true,"expansion_state":0,"options":{"engine":"r","label":"unnamed-chunk-8"},"document_id":"775D2CEE","chunk_id":"c6t9908ztjact","chunk_label":"unnamed-chunk-8"},{"row":230,"row_count":1,"visible":true,"expansion_state":0,"options":{"engine":"r","label":"unnamed-chunk-9"},"document_id":"775D2CEE","chunk_id":"cvjroso7zr6e1","chunk_label":"unnamed-chunk-9"},{"row":239,"row_count":1,"visible":true,"expansion_state":0,"options":{"engine":"r","label":"unnamed-chunk-10"},"document_id":"775D2CEE","chunk_id":"c8u1boyl709if","chunk_label":"unnamed-chunk-10"},{"row":247,"row_count":1,"visible":true,"expansion_state":0,"options":{"engine":"r","label":"unnamed-chunk-11"},"document_id":"775D2CEE","chunk_id":"cviiqan2ia0wd","chunk_label":"unnamed-chunk-11"},{"row":257,"row_count":1,"visible":true,"expansion_state":0,"options":{"engine":"r","label":"unnamed-chunk-12"},"document_id":"775D2CEE","chunk_id":"c0egg58jos4l8","chunk_label":"unnamed-chunk-12"},{"row":265,"row_count":1,"visible":true,"expansion_state":0,"options":{"engine":"r","label":"unnamed-chunk-13"},"document_id":"775D2CEE","chunk_id":"cdw59xc838y9s","chunk_label":"unnamed-chunk-13"},{"row":322,"row_count":1,"visible":true,"expansion_state":0,"options":{"engine":"r","label":"unnamed-chunk-14"},"document_id":"775D2CEE","chunk_id":"c4r9yk5od8k94","chunk_label":"unnamed-chunk-14"},{"row":332,"row_count":1,"visible":true,"expansion_state":0,"options":{"engine":"r","label":"unnamed-chunk-15"},"document_id":"775D2CEE","chunk_id":"cwgxwoimuts3w","chunk_label":"unnamed-chunk-15"},{"row":348,"row_count":1,"visible":true,"expansion_state":0,"options":{"engine":"r","label":"unnamed-chunk-16"},"document_id":"775D2CEE","chunk_id":"c6amkomytqnnb","chunk_label":"unnamed-chunk-16"},{"row":367,"row_count":1,"visible":true,"expansion_state":0,"options":{"engine":"r","label":"unnamed-chunk-17"},"document_id":"775D2CEE","chunk_id":"cm5jkjqteer1y","chunk_label":"unnamed-chunk-17"},{"row":379,"row_count":1,"visible":true,"expansion_state":0,"options":{"engine":"r","label":"unnamed-chunk-18"},"document_id":"775D2CEE","chunk_id":"cj3nqk1mrjih4","chunk_label":"unnamed-chunk-18"},{"row":396,"row_count":1,"visible":true,"expansion_state":0,"options":{"engine":"r","label":"unnamed-chunk-19"},"document_id":"775D2CEE","chunk_id":"cvw92hthj3y4l","chunk_label":"unnamed-chunk-19"},{"row":413,"row_count":1,"visible":true,"expansion_state":0,"options":{"engine":"r","label":"unnamed-chunk-20"},"document_id":"775D2CEE","chunk_id":"cf4lm1vhesm4c","chunk_label":"unnamed-chunk-20"},{"row":422,"row_count":1,"visible":true,"expansion_state":0,"options":{"engine":"r","label":"unnamed-chunk-21"},"document_id":"775D2CEE","chunk_id":"cgsm3b5ge3wom","chunk_label":"unnamed-chunk-21"},{"row":450,"row_count":1,"visible":true,"expansion_state":0,"options":{"engine":"r","label":"unnamed-chunk-22"},"document_id":"775D2CEE","chunk_id":"crwjx9ryq6q03","chunk_label":"unnamed-chunk-22"},{"row":462,"row_count":1,"visible":true,"expansion_state":0,"options":{"engine":"r","label":"unnamed-chunk-23"},"document_id":"775D2CEE","chunk_id":"cpftsu4vwj3l6","chunk_label":"unnamed-chunk-23"},{"row":473,"row_count":1,"visible":true,"expansion_state":0,"options":{"engine":"r","label":"unnamed-chunk-24"},"document_id":"775D2CEE","chunk_id":"ct7q5hmyy5dld","chunk_label":"unnamed-chunk-24"},{"row":488,"row_count":1,"visible":true,"expansion_state":0,"options":{"engine":"r","label":"unnamed-chunk-25"},"document_id":"775D2CEE","chunk_id":"c3l2dv64umlog","chunk_label":"unnamed-chunk-25"},{"row":497,"row_count":1,"visible":true,"expansion_state":0,"options":{"engine":"r","label":"unnamed-chunk-26"},"document_id":"775D2CEE","chunk_id":"c19gbxuuxp349","chunk_label":"unnamed-chunk-26"},{"row":506,"row_count":1,"visible":true,"expansion_state":0,"options":{"engine":"r","label":"unnamed-chunk-27"},"document_id":"775D2CEE","chunk_id":"ckcuzsbm078b9","chunk_label":"unnamed-chunk-27"},{"row":514,"row_count":1,"visible":true,"expansion_state":0,"options":{"engine":"r","label":"unnamed-chunk-28"},"document_id":"775D2CEE","chunk_id":"cpeoealfms1o3","chunk_label":"unnamed-chunk-28"},{"row":530,"row_count":1,"visible":true,"expansion_state":0,"options":{"engine":"r","label":"unnamed-chunk-29"},"document_id":"775D2CEE","chunk_id":"co23li21rktg9","chunk_label":"unnamed-chunk-29"},{"row":539,"row_count":1,"visible":true,"expansion_state":0,"options":{"engine":"r","label":"unnamed-chunk-30"},"document_id":"775D2CEE","chunk_id":"cq4v1ixrqxy0c","chunk_label":"unnamed-chunk-30"},{"row":555,"row_count":1,"visible":true,"expansion_state":0,"options":{"engine":"r","label":"unnamed-chunk-32"},"document_id":"775D2CEE","chunk_id":"chnzo4tmtlg0c","chunk_label":"unnamed-chunk-32"},{"row":566,"row_count":1,"visible":true,"expansion_state":0,"options":{"engine":"r","label":"unnamed-chunk-33"},"document_id":"775D2CEE","chunk_id":"ccl9273f4vaj7","chunk_label":"unnamed-chunk-33"},{"row":589,"row_count":1,"visible":true,"expansion_state":0,"options":{"engine":"r","label":"unnamed-chunk-34"},"document_id":"775D2CEE","chunk_id":"chllgtst5g6zn","chunk_label":"unnamed-chunk-34"},{"row":600,"row_count":1,"visible":true,"expansion_state":0,"options":{"engine":"r","label":"unnamed-chunk-35"},"document_id":"775D2CEE","chunk_id":"c0h3s4lr55n1o","chunk_label":"unnamed-chunk-35"},{"row":609,"row_count":1,"visible":true,"expansion_state":0,"options":{"engine":"r","label":"unnamed-chunk-36"},"document_id":"775D2CEE","chunk_id":"cggrcjc44lrcl","chunk_label":"unnamed-chunk-36"},{"row":618,"row_count":1,"visible":true,"expansion_state":0,"options":{"engine":"r","label":"unnamed-chunk-37"},"document_id":"775D2CEE","chunk_id":"cxax9gt9t54xz","chunk_label":"unnamed-chunk-37"},{"row":627,"row_count":1,"visible":true,"expansion_state":0,"options":{"engine":"r","label":"unnamed-chunk-38"},"document_id":"775D2CEE","chunk_id":"cl2n4y5lt1ho0","chunk_label":"unnamed-chunk-38"},{"row":635,"row_count":1,"visible":true,"expansion_state":0,"options":{"engine":"r","label":"unnamed-chunk-39"},"document_id":"775D2CEE","chunk_id":"cmc8ql4bbnqke","chunk_label":"unnamed-chunk-39"},{"row":641,"row_count":1,"visible":true,"expansion_state":0,"options":{"engine":"r","label":"unnamed-chunk-40"},"document_id":"775D2CEE","chunk_id":"cbbuczzs9iv91","chunk_label":"unnamed-chunk-40"},{"row":656,"row_count":1,"visible":true,"expansion_state":0,"options":{"engine":"r","label":"unnamed-chunk-41"},"document_id":"775D2CEE","chunk_id":"cfyhc3h2p76qr","chunk_label":"unnamed-chunk-41"},{"row":662,"row_count":1,"visible":true,"expansion_state":0,"options":{"engine":"r","label":"unnamed-chunk-42"},"document_id":"775D2CEE","chunk_id":"cq5a841pjtahg","chunk_label":"unnamed-chunk-42"},{"row":670,"row_count":1,"visible":true,"expansion_state":0,"options":{"engine":"r","label":"unnamed-chunk-43"},"document_id":"775D2CEE","chunk_id":"ci9xy3kiikz5u","chunk_label":"unnamed-chunk-43"},{"row":676,"row_count":1,"visible":true,"expansion_state":0,"options":{"engine":"r","label":"unnamed-chunk-44"},"document_id":"775D2CEE","chunk_id":"cyo1ehg9sg3kn","chunk_label":"unnamed-chunk-44"},{"row":682,"row_count":1,"visible":true,"expansion_state":0,"options":{"engine":"r","label":"unnamed-chunk-45"},"document_id":"775D2CEE","chunk_id":"cs5pt6qlbhu7r","chunk_label":"unnamed-chunk-45"},{"row":700,"row_count":1,"visible":true,"expansion_state":0,"options":{"engine":"r","label":"unnamed-chunk-46"},"document_id":"775D2CEE","chunk_id":"cb7cqj9b6hujz","chunk_label":"unnamed-chunk-46"},{"row":709,"row_count":1,"visible":true,"expansion_state":0,"options":{"engine":"r","label":"unnamed-chunk-47"},"document_id":"775D2CEE","chunk_id":"cxyatfklce2ky","chunk_label":"unnamed-chunk-47"},{"row":766,"row_count":1,"visible":true,"expansion_state":0,"options":{"engine":"r","eval":false,"label":"unnamed-chunk-1"},"document_id":"775D2CEE","chunk_id":"cf646xu7432uy","chunk_label":"unnamed-chunk-48"},{"row":798,"row_count":1,"visible":true,"expansion_state":0,"options":{"engine":"r","label":"unnamed-chunk-48"},"document_id":"775D2CEE","chunk_id":"coc1gtj4rijo7","chunk_label":"unnamed-chunk-49"},{"row":819,"row_count":1,"visible":true,"expansion_state":0,"options":{"engine":"r","label":"unnamed-chunk-49"},"document_id":"775D2CEE","chunk_id":"cr86osk4e7c8k","chunk_label":"unnamed-chunk-50"},{"row":832,"row_count":1,"visible":true,"expansion_state":0,"options":{"engine":"r","label":"unnamed-chunk-50"},"document_id":"775D2CEE","chunk_id":"c46wbtqpt8wff","chunk_label":"unnamed-chunk-51"},{"row":855,"row_count":1,"visible":true,"expansion_state":0,"options":{"engine":"r","label":"unnamed-chunk-51"},"document_id":"775D2CEE","chunk_id":"cl4tssv3g8fx7","chunk_label":"unnamed-chunk-52"},{"row":863,"row_count":1,"visible":true,"expansion_state":0,"options":{"engine":"r","label":"unnamed-chunk-52"},"document_id":"775D2CEE","chunk_id":"c4hetvfzkmtje","chunk_label":"unnamed-chunk-53"},{"row":917,"row_count":1,"visible":true,"expansion_state":0,"options":{"engine":"r","label":"unnamed-chunk-53"},"document_id":"775D2CEE","chunk_id":"c6jlx1i6875tb","chunk_label":"unnamed-chunk-54"},{"row":923,"row_count":1,"visible":true,"expansion_state":0,"options":{"engine":"r","label":"unnamed-chunk-54"},"document_id":"775D2CEE","chunk_id":"cfvxc9gd2qe87","chunk_label":"unnamed-chunk-55"},{"row":954,"row_count":1,"visible":true,"expansion_state":0,"options":{"engine":"r","label":"unnamed-chunk-56"},"document_id":"775D2CEE","chunk_id":"co38bppz2lxia","chunk_label":"unnamed-chunk-57"},{"row":948,"row_count":1,"visible":true,"expansion_state":0,"options":{"engine":"r","label":"unnamed-chunk-55"},"document_id":"775D2CEE","chunk_id":"cg1dgq4mizw4p","chunk_label":"unnamed-chunk-56"}],"doc_write_time":1658087450}