{"chunk_definitions":[{"row":53,"row_count":1,"visible":true,"expansion_state":0,"options":{"engine":"r","label":"unnamed-chunk-1"},"document_id":"775D2CEE","chunk_id":"ce1273qtefemm","chunk_label":"unnamed-chunk-1"},{"row":61,"row_count":1,"visible":true,"expansion_state":0,"options":{"engine":"r","label":"unnamed-chunk-2"},"document_id":"775D2CEE","chunk_id":"c93z68a0r1tpw","chunk_label":"unnamed-chunk-2"},{"row":75,"row_count":1,"visible":true,"expansion_state":0,"options":{"engine":"r","label":"unnamed-chunk-3"},"document_id":"478D75EE","chunk_id":"cio2s03lwyze9","chunk_label":"unnamed-chunk-3"},{"row":159,"row_count":1,"visible":true,"expansion_state":0,"options":{"engine":"r","label":"unnamed-chunk-4"},"document_id":"775D2CEE","chunk_id":"c35i5f2x9vgr7","chunk_label":"unnamed-chunk-4"},{"row":169,"row_count":1,"visible":true,"expansion_state":0,"options":{"engine":"r","label":"unnamed-chunk-5"},"document_id":"775D2CEE","chunk_id":"cgwxw0zs22pyu","chunk_label":"unnamed-chunk-5"},{"row":227,"row_count":1,"visible":true,"expansion_state":0,"options":{"engine":"r","label":"unnamed-chunk-6"},"document_id":"775D2CEE","chunk_id":"c5igprxuz15me","chunk_label":"unnamed-chunk-8"},{"row":253,"row_count":1,"visible":true,"expansion_state":0,"options":{"engine":"r","label":"unnamed-chunk-13"},"document_id":"775D2CEE","chunk_id":"cdw59xc838y9s","chunk_label":"unnamed-chunk-11"},{"row":339,"row_count":1,"visible":true,"expansion_state":0,"options":{"engine":"r","label":"unnamed-chunk-18"},"document_id":"775D2CEE","chunk_id":"cj3nqk1mrjih4","chunk_label":"unnamed-chunk-15"},{"row":355,"row_count":1,"visible":true,"expansion_state":0,"options":{"engine":"r","label":"unnamed-chunk-15"},"document_id":"775D2CEE","chunk_id":"cwgxwoimuts3w","chunk_label":"unnamed-chunk-16"},{"row":403,"row_count":1,"visible":true,"expansion_state":0,"options":{"engine":"r","label":"unnamed-chunk-19"},"document_id":"775D2CEE","chunk_id":"cvw92hthj3y4l","chunk_label":"unnamed-chunk-19"},{"row":429,"row_count":1,"visible":true,"expansion_state":0,"options":{"engine":"r","label":"unnamed-chunk-21"},"document_id":"775D2CEE","chunk_id":"cgsm3b5ge3wom","chunk_label":"unnamed-chunk-21"},{"row":516,"row_count":1,"visible":true,"expansion_state":0,"options":{"engine":"r","label":"unnamed-chunk-22"},"document_id":"775D2CEE","chunk_id":"crwjx9ryq6q03","chunk_label":"unnamed-chunk-28"},{"row":549,"row_count":1,"visible":true,"expansion_state":0,"options":{"engine":"r","label":"unnamed-chunk-31"},"document_id":"775D2CEE","chunk_id":"cyv6r1hz6890w","chunk_label":"unnamed-chunk-31"},{"row":568,"row_count":1,"visible":true,"expansion_state":0,"options":{"engine":"r","label":"unnamed-chunk-29"},"document_id":"775D2CEE","chunk_id":"co23li21rktg9","chunk_label":"unnamed-chunk-33"},{"row":637,"row_count":1,"visible":true,"expansion_state":0,"options":{"engine":"r","label":"unnamed-chunk-34"},"document_id":"775D2CEE","chunk_id":"chllgtst5g6zn","chunk_label":"unnamed-chunk-39"},{"row":643,"row_count":1,"visible":true,"expansion_state":0,"options":{"engine":"r","label":"unnamed-chunk-39"},"document_id":"775D2CEE","chunk_id":"cmc8ql4bbnqke","chunk_label":"unnamed-chunk-40"},{"row":672,"row_count":1,"visible":true,"expansion_state":0,"options":{"engine":"r","label":"unnamed-chunk-41"},"document_id":"775D2CEE","chunk_id":"cfyhc3h2p76qr","chunk_label":"unnamed-chunk-43"},{"row":678,"row_count":1,"visible":true,"expansion_state":0,"options":{"engine":"r","label":"unnamed-chunk-43"},"document_id":"775D2CEE","chunk_id":"ci9xy3kiikz5u","chunk_label":"unnamed-chunk-44"},{"row":684,"row_count":1,"visible":true,"expansion_state":0,"options":{"engine":"r","label":"unnamed-chunk-44"},"document_id":"775D2CEE","chunk_id":"cyo1ehg9sg3kn","chunk_label":"unnamed-chunk-45"},{"row":711,"row_count":1,"visible":true,"expansion_state":0,"options":{"engine":"r","label":"unnamed-chunk-46"},"document_id":"775D2CEE","chunk_id":"cb7cqj9b6hujz","chunk_label":"unnamed-chunk-47"}],"doc_write_time":1658271697}